text,label
ürünü hepsiburadadan alalı 3 hafta oldu. orjinal ve eksiksiz şekilde geldi. şarj konusunda 1 günü rahat çıkarıyor oyun oynamama rağmen. teslimat sürecide hızlı gerçekleşti. en uygun fiyata iphone kalitesi kaçırmayın..,1
"ürünlerden çok memnunum, kesinlikle herkese tavsiye ederim. ayrıca hepsiburada ya süper hızlı gönderim için teşekkür ederim.",1
"hızlı kargo, temiz alışveriş.teşekkür ederim.",1
Çünkü aranan tapınak bu bölgededir .,0
bu telefonu başlıca alma nedenlerim ise elimdeki samsung  j5 artık yetersiz gelmesi. nedemlerim;,1
telefon gayet güzel ben kırmızı aldım baya şık görünüyor bu arada telefon 605 serisi olarak geldi,1
Sert ve acımasız özelliklere sahiptir .,0
harika bir kokusu var ve tüm odayı sarıyor..,1
ürün orjinal ve gerçekten fiyat performans ürünüdür tavsiye ederim,1
 Zaten filmde Şener Şen olması ve Türkiyenin gerçeklerini göstermesi bakımından müthiş bir kara mizah... ,1
su calathes denen orospu cocugunu durdurun,-1
"çok araştırma yaptım, işim dolayısıyla gerçekten sorunsuz bir akım korumalı prize ihtiyacım vardı ve bu ürüne karar verdim. ürün öncelikle harika, gayet şık ve sağlam duruyor. üzerindeki ışıklı düğme aktif korumanın pasif veya aktif olduğunu belirtiyor. temas önleyici koruma, çocuk emniyeti özelliği de var. usb özelliği ise gerçekten harika, tüm mobil cihazları bu sayede şarj edebiliyorsunuz. bazı yorumlarda fiş takarken zorlanıldığı yazılmış, evet bazı prizleri ek güç sarfederek takabiliyorsunuz, ama bu benim için artı bir durum, çünkü genellikle fişleri çıkarmam gibi bir şey söz konusu değil, ayrıca daha önce kullandığım prizlerde fişlere ayağım takılıyordu ve çıkıyorlardı, bunda o sorun da ortadan kalkmış oluyor. kısacası gönül rahatlığıyla alabilirsiniz.",1
Ermenistan bu sınır trafiğinin yeniden açılmasını talep etmektedir .,0
ürünü i̇lk aldiğimda orji̇nal deği̇ldi̇r di̇ye şüpheleri̇m vardi. ama kulağima takinca gerçekten çok güzel. tebri̇kler hepsi̇burada.com...,1
Tümen Komutanlığı’na atanması .,0
tek kelime ile harika almak isteyenlere tavsiye ederim,1
uzun zamandır çeyizim için bi süpürge arıyordum rowenta ve philips arasında kalmıştım. araştırmalarım sonunda philips e karar verdim. yorumlarda evlerinde eski süpürgeyle süpürdükleri yerleri philips marathonla tekrar süpürdüklerinde çok toz çıktığını okumuştum. abarttıklarını düşünmüştüm. bugün ürün elime ulaştı. denedim ve sadece bir halıdan yumruk kadar toz çıktı gözlerime inanamadım. alacaklar hiç şüphe etmesin derim ??,1
Zira sahneler hiçbir zaman gösterim sırasına uyularak filme alınmaz .,0
"Köy doğal yayla olmasından dolayı ""yayla"" adını almıştır .",0
"ürün 2 günde elime ulaştı, fiyatına göre alınabilecek en iyi ürün. belli bir bütçeyle telefon aramaya başladıysanız aramayı bırakabilirsiniz telefonunuzu buldunuz.diğer sitelerde fiyatlar daha uygun gözüküyor ama üç kuruş fazla olsun hepsiburadadan olsun.",1
"yanında verilen sd kart ve güç tüpü harika. hem fiyatının uygun olması, hem aparatlarının kutu içinde olması hem de yanında iki güzel ek ürün olması harika. çekim kalitesi muazzam diyemem ama iş görür seviyede. youtubedan örneklerine bakabilirsiniz. gayet memnunum.",1
bu ürün japon motorsikletlerinin standardı olan jaso ma ve ma2yi karşılıyor.yüksek ccli motorsikletler için çok uygun.castrol zaten dünyada kendini kanıtlamış bir ürün.fiyat performansına baktığınızda bu fiyata 4 litrelik hacmiyle motorsikletinize alabileceğiniz tek kaliteli ürün.teşekkürler hepsiburada,1
Çin güvenlik güçleri gösterilere sert karşılık vermiştir .,0
"ürün zamanından önce kargolandı ve horoz lojistik tarafından kata kadar
cıkarıldı.servis ertesi gün gelip baglantısını yaptı ve 90 tl degerinde
kıreclenmeyi önleyecek musluk altına aparat taktırdım. makinayı
çalıştırdım program sayısı cok oldugu için sıkıntı olmuyor istediğiniz
programda ve istediğiniz devirde sıkma operasyonunu
ayarlayabiliyorsunuz. 9 kg üzeri yuk atıldıgında makina uyarı veriyor
asansör gibi aşırı yük gibi. bu özelliğide cok harika en kısa yıkama
zamanı 20 dakıkadır. piyasadaki makınalara göre ucuz ve kullanışlı
makinaya benziyor ama mal italyan malı oldugundan parça fiyatları
nasıldır onu bilemiyorum tek terettütüm bu oldu,  ilerleyen zamanlarda
göreceğiz. ses seviyesindende bahsedersek  gayet düşük sesle çalışıyor,
sadece su sesi geliyor. büyük markalara  para harcamanızı istemem bu
makina ihtiyaçlarınızın üstünde karşılayacağına eminim. teşekkürler.",1
Maraton yarışını ise tamamlayamadı .,0
Köyde eğitim veren bir ilkokul vardır .,0
1)çalişma mantiği,1
+yastığı falan iyi,1
" sinema tarihinin en güzel filmlerinden birisi... izlemeye doyulmaz, filme ilham kaynağı olan kitabın yazarı Stephan King abime saygı yollamadan da olmaz... 10 tam puan benden de... ",1
beklentilerin üzerinde bir ürün teşekkürler,1
Oyunda iki takım vardır; ebe olan ve atıcı takım .,0
fiyatını baz alırsak iyi ürün . kanal geçişleri yavaş değil iyi. kanallar yüklü geliyor. hd olması iyi . amiral gemisi bir uydu değil ama daha önce dediğim gibi fiyatı uygun. ,1
üründen çok memnun kaldım. ayrıca kargo çok hızlı. ürüne çok çabuk ulaştık. teşekkürler hepsiburada  ,1
Yıl Grand Prix olarak adlandırılmıştır .,0
Bazı kaynaklarda ise dost anlamına geldiğinden bahsedilmektedir .,0
kısa zamanda geldi.,1
Termodinamiğin gelişmesi atom teorisi tarafından sürdü ve sürdürüldü .,0
"çok kaliteli ve kullanışlı bir alet.kalemi kırmadan açıyor.haznesinin olması da artı özelliği.okul talebelerinin işini fazlasıyla gören kullanışlı,malzemesi kaliteli bir ürün.",1
i̇lk izlenimlerime göre yararlı bir ürün.,1
Bu boyuttan gelen yaratıklar insanlara saldırır .,0
Ancak defans veya defansif orta saha oyuncusu olarak sol eğilimlidir .,0
"firma iyi , kurulum hemen geldiler. kargo eve kadargetirdi sorunsu. ancak ürünü henüz kullanmadım. kurban bayramına doğru kullanacagız...",1
kargo hızlı ve mağazaya da ilgisi için teşekkürler ,1
urunu biraz tereddütle aldım fakat gayet iyi. urunu kullanmadan önce on yıkama yaptım ve daha sonra urunu kullandım. urunu sıktıktan 5 dakika sonra bır fırça kullanmak daha iyi sonuç veriyor,1
Özellikle; Zülfü Livaneli ile birlikte yaptığı çalışmalar sanatçının yurtdışına açılmasını sağlamıştır .,0
kesi̇nli̇kle oji̇nal fi̇yat süper karga hemen ulaşti tek keli̇meyle başarili teşekkürler hepsi̇burada.com,1
"aynı anda iki cihazı şarj etmesi çok iyi özellik. hızlı şarj kısmı hangisi bi işaret ekleseymiş daha iyi olabilirmiş. iki cihazı toplamda 4,5 kez şarj ettim yarısı ancak bitti. boyutu 20.000 mah a göre çok kaba değil. tavsiye ederim.",1
Böylece dünyanın ilk elektronik bilgisayarı görevini tamamlamış olarak tarihteki yerini aldı .,0
"güzel ürün motor sesini azaltıyor, az da olsa çekişte  fark ediyor.",1
İlçede bol miktarda göl ve ırmak bulunmaktadır .,0
tam istediğim gibi çıktı.plates için çok uygun..ürün çok çabuk elime ulaştı.paketlemesini çok iyi yapmışlar.adeta kutu içinde kutu çıktı.tşkler hepsiburada ekibi,1
Bu bilinen bir açık metin ekimi işlemi bahçecilik olarak adlandırılmıştır .,0
Çift çok geçmeden de evlenmiştir .,0
Seramik ve cam konusunda doktor derecesi vardı .,0
 süper süper süper öncelikle eksilerini kendimce söylemek gerekirse biraz aksiyon sahnesi çok az biraz daha süslense çok daha süper olacaktı Hugo Weaving i kutlamak lazım beden ve ses diliyle unutulmayacak bir karakter yapmış V yi filmi izlerken hiç bitmesin diyor insan keşke devam olsaydı en üzüldüğümde bu oldu unutulmayacaklar arasındaki yerini çoktan aldı... ,1
piyasada şu an için çok çok iyi bir telefon ,1
"ürünü aldıktan 2 gün sonra eve getirdiler, çamaşır makinesini kullandım 1 hafta fiyatına göre gayet kaliteli ve konforlu. hepsiburada.com teşekkürler. ",1
" serinin en iyisi tabiki 2.sidir herhalde. . .çok sürükleyici, hiçbi yerde sıkılmazsınız 10/10 ",1
"cihazi 8 gün önce aldim bahsedilen kasa açikligi, kapak oturmamasi gibi hiçbir sorunla karsilasmadim. ekran çok güzel renkler o kadar net ki günes altinda ekran parlakligini o kadar arttiriyor ki görünmemesinin imkani yok. kalem hassasiyeti note3e göre çok çok iyi sanki bi kalem,mause kullaniyor hissi veriyor insana. pil performansina gelecek olursak üst düzey performans aliyorum. multitasking ise note4 ile beraber daha da üst seviyelere çikmis. kisaca note4 ile hersey harika.. ",1
Sıcak zamanlarda kumlu ve taşlı alanlar üzerinde ve otlaklarda bulunur .,0
ürün iki günde geldi  kullandım gerçekten çok iyi önceden diş fırçalamıyormuşum onu anladım. ürün tam olarak temizlik sağlıyor.pişman olmazsınız ,1
Yerel bir çiftliğe giderek orada bir domuz öldürürler .,0
Bu olay üzerine ilaç ile intihar eder .,0
takması korniş varsa çocuk oyuncağı hiç korkmaniza gerek yok. güneşi kesiyo işimi görüyo uygun fiyat daha ne olsun...,1
Bu kız küçükken Çingeneler tarafından ailesinden kaçırılmıştır .,0
Medrese ve Hukuk eğitimi almıştır .,0
urunu kolonyaya benzeten yorumlara ragmen aldim ve sonuc hayal kirikligi oldu. bu parfum/kolonyaya en yakin koku rebul marka ice modeli kolonyadir. bu parayi hak etmiyor.,-1
baskı kalitesi harikulade. dahili çift taraflı tarama ve dahili çift taraflı baskı özelliği mevcut. akıllı telefondan çıktı alabilirsiniz. tarayıcıdan evrakları taratıp doğrudan telefonunuza belgeleri kaydedebilirsiniz. bilgisayara ihtiyacınız yok. diğer epson modellerinden farklı olarak yazıcının alt kısmında bir kağıt tepsisi bulunuyor.  kağıdı üstten vermiyorsunuz. siyah mürekkep haznesi diğer mürekkep haznelerinin 2 katı (140 ml). uzun süre mürekkep doldurmazsınız. bu arada yazıcı kutusundan 1 set (dört renk) yedek mürekkep çıkıyor.  yazıcı ilk kurulumda yaklaşık 20 dakika süreyle mürekkep tankını ayarlıyor. sonrasında ise vızır vızır çalışıyor. her kuruşunu hak eden bir yazıcı. epson demek güven demek. ,1
gerçek deri değil ancak kaliteli bir vinil. direksiyonu yıpranmış ya da değişiklik isteyenlere kesinlikle tavsiye ederim. 2005 lancerime uyguladım mükemmel oldu. i̇p 50cm kadar arttı. dikme işi 2 saate yakın sürdü. mükemmel oldu.,1
Tümünü Brezilya kazanıyor .,0
"androide göre çok güçlü bir işletim sistemi var , mağazasında çok fazla uygulama yok doğru ancak android play store çöplüğü gibi değil en azından . klasik windows işletim sistemi kurulumu yap kullan , herşeyi içinde geliyor . navigasyon nfc uygulaması , skype , internetten telefonun konumunu bulma yani kısacası telefonun özelliklerini kullanmak için android mağazasında dolandığın gibi kendini harap etmene gerek yok . kamerasına gelince nokia nın kamerasın microsofttan iyi ama buda idare eder. ",1
Oğlunun bütün saltanatı boyunca Valide Sultan kaldı .,0
" iyi...iyi...10/9,5 ",1
Ertesi gün ise şehir teslim oldu .,0
çok memnun kaldım teşekkürler,1
performans olarak da; samsung galaxy s4 (2600mah) telefonumu 2.5 kez tam sarj edebildi.,1
bu fiyata güzel kaliteli saat,1
5 aylık oğlum için bugün ebebek'te görüp aldım. koca topu yemeye çalışıyo şimdi :)))) çook sevdi..,1
"telefonu alali henüz i̇ki̇ hafta oldu,telefon tam i̇stedi̇ği̇m özelli̇kere sahi̇p, pahali telefon almaya gerek k fakat tek ekği̇ telefon hasiaz olmasi dolayisi i̇le bazi uygulamalari i̇ndi̇remi̇yorsunuz,şarzi  az gi̇di̇yor.yoksa telefon bu fi̇yata bence alinir",1
"arkadaşlar bisiklet harika ! gerçekten diyorum suana kadar bindiğin en sağlam bisiklet.hafif,vites kullanımı cok pratik malzemeleri iyi.sadece 24 oldugu için birazcık küçük standartlara göre,ama az bir fark var onun haricinde fosforlu gerçekten her haliyle mükemmel bir bisiklet ki bu fiyata kacırılmaz.ayın 4ünde sipariş verdim 7sinde geldi harika bir ürün.tavsiye ederim.",1
Böylece kulüp üst üste üçüncü kez şampiyon olmuştur .,0
" Tek kelimeyle berbat bi film. Evde de izlenmez :D 1. ve 2. filmin çok gerisinde. Hikayesi basit ve bildik, oyuncu uyumu sıfır, aksiyon sahneleri ve anlattigi siyasi diplomasi hiç inandırıcı değil. 1 puan verilebilecek bi film. Ancak J.Statham hatrına 2, T-Bag hatrına 3 puan veriyorum. Knepperi Prison Break dışında tekrar görmek güzel. 3/10. ",-1
ürünün tüm aparatlarını kullandım . tereddüt etmeden alın. şu andaki fiyatı piyasanın çok altında .,1
"teslimat, vaat edilen zaman içinde gerçekleşti. teşekkürler.",1
Genelde katkılar yaptıkları etkiye göre elektron verici veya alıcı olarak sınıflandırılır .,0
güzel bir  boya saçlarım eski doğallığına geri döndü. kendinizin uygulayabilmesi özellikle çok güzel bir özellik. tavsiye ediyorum. denerseniz neticeyi görürsünüz.,-1
i̇landa neyse kargoda gelende o fiyatına göre de bu kadar olabilirdi zaten tavsiye edilir. satıcıya teşekkürler.,1
ne korkacam kahpe götlek ,-1
Günümüzde demiryolu müzelerinde görülebilmektedir .,0
garip markalara veya marka fiyatı odemeyin fiyatına gore on numara.,1
ürün kısa sürede elime geçti. zaten kullandığımız bir üründü müthiş bir kokusu var deodorantı ile birlikte almayı tercih ettim. tavsiye ederim,1
 Yönetmen ve senaristler belli ki Quentin Tarantino tarzı senaryo ve yönetimlerden etkilenmişler ve benzeri birşey yapmaya çalışmışlar ama ellerine yüzlerine bulaştırmışlar. ,-1
ürün ofis ve yalnız yaşayanlar için gayet kullanşlı ve ideal. buzluk kısmı iyi donduruyor. alt kısım beş kademeli soğutması var ama 3 bile yeterince soğuk yapıyor. ara ara alt kısım arkasında buzlanma yapıyor sonra geçiyor bu normal bir durummuş. özetle tavsiye ederim. ofiste kullanıyoruz memnunuz.,1
kuşlarım severek yiyorlar. herkese tavsiye ederim,1
" seriden en ufak kopma yok , yine mükemmel bi son , yine biraz kafa karışıklığı :) ., gerçekten izlenmesi gereken bir film ",1
"pil tahminimden iyi dayanıyor,tüm gün sosyal medya kullanımı,radyo kullnımından sonra saat20:00 gibi %30larda",1
Son temel gereksinim ilişkili olmaktır .,0
Ama görevi süresince ılımlı bir politika izledi .,0
Eklentiler Microsoft Store aracılığıyla yüklenebilir .,0
2 yıl içerisinde 3 kez servise götürdüm ve hala aynı sorunları devam ediyor. başka bir ütü deneyin yoksa pişman olursunuz.,-1
"telefonu alalı 1 yıl oldu nerdeyse sorunsuz kullanıyorum,hic bir şekilde yavaşlama olmadi,zaten saf android olduğu için aldım,saf andoid kullanıcıları için gayet ucuz ve kaliteli telefon,kesinlik general mobile olarak düşünmeyin bu telefon google ile birlikte yapıldı,ayrıca bu fiyata bu özellikte baska telefon yok ,tabsiye ederim",1
Arafat görevinden istifa etmeyi reddetti .,0
İlçenin merkezi Mountain Home şehridir .,0
" Bu neydi ya az önce izledim yazmamın tek sebebi belki biri yorumları okur izlemeden öncede filmi izlemez. Bizde Allah katında sevaba gireriz belki. Hayatınızın 2 saaatini boşa harcamayın ne izledim anlamadım, ne bi konu var, ne bi oyunculuk, kasvetli bi hava birbirine poz atan tipler ödül veripte izlememize neden olan herkesi Allah bildiği gibi yapsın. ",-1
pratik ve şık renkler harika ,1
O maçtan sonra ise stoper mevkiine geçiş yaptı .,0
malzeme kalitesi dışında gayet güzel.,1
" izlediğim vakti boşa hacadığımı düşünüorum, o kadar kötüydü malesef... ",-1
çekmecelerdeki karışıklığa son verdi bir göze 2 çift çorap sığıyor fazlalıklar artık çekmecede değil kapanmayan çekmecelere son verdi kısacası benim işimi gördü,1
çamaşırların hem temiz olması ve yipranmamasini her bayan istemektedir. bunun için kaliteli deterjan kullanmak istemekteyiz.işte bu urun tam aradığımız urun.kaçırmayın pişman olmayacaksınız tavsiye ederim hem de hepsiburada çok uygun sahip olma fiyatıyla herkese iyi alisverisler,1
Gizlenmiş bir kameranın işin içine girmesiyle serbest bir bakış açısı yakalanır .,0
"hizli gonderim. iyi bir urun, memnun kaldim",1
Nadir hallerde serbest olarak suya bırakır .,0
ertesi gun soylendigi gibi elime ulasti. kablonun uçlari fotograftakinin aksine altin olmasi guzel oldu,1
Tüm siyasi partileri kapattı ve askeri rejimi tam anlamıyla tesis etti .,0
Büyük boyutları ile tanınırlar .,0
Kısa süreli yangın koruma gereksinimi için savaş esnasında önce kanıtlandı .,0
 ya film için tek diğecek şeyim var oda çok sıkıcı olması.Nerdeyse uykum geliyordu.Bİraz da karışık olmasıve ve hiç heyecan olmaması uykum gelecek halini alıyor.Şiddetle tavsiye etmem.Ama inat edip izlemek istiyorum diyorsanız keyif sizin... ,-1
"arkadaşlarım tavsiye ederken okusam mı okumasam mı diye çok düşündüm ama okumaya aşkadıktan sonra bikaç gün sonra bitirdim. çok sürükleyici, kitabın nası bittiğini anlamadım, tadi damağımda kaldı. tavsiye ediyorum.",1
beklediğimden iyi ..sadece biraz ses fazla..,1
"bu ürünün başka markalarından kullandık, yenisini alma ihtiyacı duyduğumda araştırdım ve aldım, geldiği gün eşim denedi, önceki aldığımız pratik süpürgelerden, emiş gücü olsun, kullanım pratikliği olsun, toz haznesinin diğerlerinin1 lt, bu ürünün 1,5 lt toz haznesinin olmasından dolayı olsun, çok memnun kaldık, şimdi bizde görüp akrabalarımızda aynısını istediler, onlara da sipariş verdim, pratik süpürge almak isteyenlere tavsiye ederim, bizlere bu ürüne sahip oluncaya kadar emeği geçenlere teşekkür ederim.",1
"oldukça güzel çekiyor, neredeyse eletrik süpürge kalitesinde,dönen başlığıda halıları güzel süpürüyor. keşke birde ayakta durma standı olsaymış ürünün. genel itibariyle üründen memnun kaldım, tavsiye ederim. fiyat olarakta, en uygun fiyat hepsiburada :)",1
diğer pahalı ürünlerle aynı kalitede memnunum....kargoda 1 günde geldi tşkler hepsiburada.com,1
Mause oldukça küçük bir bayan elinde daha uygun gibi. Küçük olduğu için tasarımı ergonomik olmaktan çıkıyor avcunuzun içinde kayboluyor ve çok fazla bilek ağrısı yapıyor. İmleç hareket etme yeterince akışkan değil parasını kesinlikle hak etmiyor. Mouse alacaksınız mouse üreticisi bir firmadan alın. !!!,-1
"-kablosu çok uzun değil, dolayısıyla fazla kablo karmaşası içinde kalmıyorsunuz.",1
"arkadaşlar ürün gerçekten çok güzel ve kullanışlı ses kalitesi konuşma yaparken gayet güzel fakat müzik dinlemek için aynı şeyi söyleyemem.bir çok arkadaş arama tuşuna yanlışlıkla basınca arama yaptığından bahsetmiş ben öyle bi sorunla karşılaşmadım zaten yakanızda takılıyken yanlışlıkla nasıl olacakta basacaksınız ki zaten ben bi çok defa cebimde de taşıdım yinede oyle bi sorun yaşamadım.şarj süresi ben çok yoğun konuşmama rağmen 3güne yakın gidiyor , titreşim özelliği çok güzel tavsiye ederim herkese...",1
Bütçe dahil fayda ve maliyetlerin finansal analizini yapan Proje yönetiminin önemli kısmıdır .,0
ürün kutusunu elinizle sıktığınızda yukarıdaki 25 ml lik hazne doluyor onu arabanın su deposuna döküyorsunuz üstünede su ilave ettinizmi işlem tamam sonra sıktığınızda inanılmaz olay cam köpük içinde ve tertemiz..dahaönce kullandığım ürünler köpürmüyor ve temizlemiyordu..ayrıca klima açık iken içeriye çok hoş  koku geldi..,1
kullanişli ve sağlam i̇nce bi̇r ürün tavsi̇ye ederi̇m.sağa sola aşaği yukari hareketleri̇ yapabi̇lmek güzel ancak tv ni̇n gi̇ri̇şleri̇ arkada i̇se eli̇ni̇zi̇n gi̇ri̇p ulaşmasi bi̇raz zor,1
çok kötüydüarkadaşlar kesinlikle herşey dahil olmasına aldanmayın pansiyon tipi bir otel yemekleri rezalet tatlı olarak un helvası veriyorlar  gün kaldık ve sabahları sürekli bayat ekmek veriyorlar sıcak su yetersiz ve deniz suyu soğuk suyla duş alıyorsunuz havlu yastık kılıfı peşinde koşuyorsunuz heleki turla falan gitmeyin paralarınıza yazık çünkü çok kişi oteli ve odaları gördükten sonra kavga edip tatilini yakıp gitti otelin kaydırağı insanı kandırıyor ama havuzu çok küçük ve sabah ve akşam birer kere çalıştırıp kapatıyorlar elektrik parası çok geliyor herhalde,-1
Şarkı birçok kez yanlış anlaşıldı .,0
ust tarafi fazla sert degil vucudnuzun seklini aliyor hafiften.fazla yumusak degil gocmuyorsunuz icine. tebrikler.,1
koca paketi taşımak yerine aynı maliyetle kapı teslim almanın rahatlığını yaşattığı özellikle hb marifetiyle satınalmanın dayanılmaz hafifliğini yaşıyorum.,1
Bu işi yapanlara koreograf denir .,0
bebeğimiz hassas bir cilde sahip olduğu için sebamed ürünleri tek tercihimiz oldu ve her zaman mükemmel sonuç aldık.bu ürünü kullanmakla bebeğinizi pişikten tamamen koruyabilirsiniz.,1
"hızlı kargo basit, pratik ve ucuz.  bir ürün",1
Askerlik çağına kadar tekstil işiyle uğraştı .,0
Aile şefleri bir araya gelerek yönetime sahip olurlarsa ortaya aristokrasi çıkar .,0
ürün gerçekten 10 numara. kullanmaya başladiğimdan beri̇ çevremdeki̇ herkesi̇n di̇kkati̇ni̇ çekti̇ di̇yebi̇li̇ri̇m. eski̇ kullandiğim ci̇haz s3 mi̇ni̇ i̇di̇. ondan sonra c5'i̇n hizi bana uçak gi̇bi̇ geldi̇. gerek görsel gerekse de i̇çeri̇k olarak beklenti̇leri̇mi̇ karşilayan bi̇r telefon. üsteli̇k çok şik ve zari̇f. kesi̇nli̇kle tavsi̇ye edi̇yorum.,1
kesinlikle alın. çok güzel görünüyor.,1
Dünya Savaşı sırasında Alman general .,0
İmparatorluğun çökmesiyle birlikte Asur halkı da tarihi kayıtlardan silindi .,0
çok güzel harika ,1
harika tam beklediğim gibi!,1
özellikle ışığı çok yetersiz ve 4 tane değil 2 tane geliyor bana siyah geldi ancak ışığı dediğim gibi yetersiz,-1
Yugoslavya Krallığı üç üniversiteye sahip olmuştur .,0
"telefon çok aradım, sordum, araştırdım. kararımı zor verdim ama değdi doğrusu. kızıma aldım. çok sevindi.  iyiki bu telefonu almışız diyor. işlemcisi çok hızlı.",1
Makaleler Almanca ve İngilizce olarak yayınlanır .,0
"yıllardır, motosiklet ve otomobilde kullanıyorum. nötr ph derecesine sahip olması sebebiyle boya yada plastiklere asla zarar vermiyor, el ile direkt kullanıma uygun ve ellerinize bile zarar vermiyor. çok kolay ve az su ile durulanabiliyor. şimdiye kadar 10 şişeden fazla tüketmişimdir. kesinlikle iyi bir ürün.",1
Bu oyunlar oyunculara birçok kez devam etme şansı veriyordu .,0
Sıcak ve kurak olan yaz mevsimi yüksek yaylalarda serin geçmektedir .,0
çocuğumun el yıkama alışkanlığını kazanması için aldım. sıvı sabunluklara basamıyordu. çok faydası oldu. i̇ndirim ile çok makul bir fiyata geldi. ürün sorunsuz akıtma yapmıyor. ,1
piyasadan almak yerine hepsiburadadan alıyorum artık. bildiğimiz voit kalitesi ve söylenen göndende erken gönderdiler,1
fiyat kalite konusunda oldukça başarılı firma ürününün arkasında duruyor,1
"burdaki arkadaşların yorumlarından yola çıkarak, evet görüntülü arama telefonda yok ama bence gerekte yok. zaten günümüz şartlarında whatsapp ,messenger gibi uygulamalarda rahatlıkla görüntülü arama yapabiliyoruz. o yüzden hiç önemli bir özellik değil. ",1
Kolay bulunmayan bir tıbbi üründür .,0
Onun yerini John Sullivan aldı .,0
Başrollerini Kemal Sunal ve Ayşen Gruda paylaşmıştır .,0
Urun ilk geldiginde guzel biseydir dedim ama malesef 5 para etmez hic birsey cekemedim,-1
Ayrıca Yalçın bostancı hem oynamış hem de film de müzikleri kullanılmıştır .,0
Louis bir not yazmıştır .,0
"Ayrıca adının içinde ""Ahi Evran"" bulunan birçok lise ve mahalle adı vardır .",0
"cihaz dokunmatik jilatin ve kılıf ile geliyor, şarj cihazı idare eder,",1
bu pezevenk hala iddia mı oynuyor helal parayı haram yapacak müptezel,-1
urunu alırken nasıl bır sekılde kapıya takılacagını dusunuyodum gercektende bu konuda aydınlatıcı bir bilgi yok urun kapının dısarı dogru cıkık olan ust tahtasına takılıyor takılan  plastik parca dayanıksız gibi durmasına karsın 85 kg beni ve ayagımdaki ayak agırlıkları ıle 90 kg da cok hafif bir esneme yapıyor onun sebebi de sungerli bar  kısmının kapının ic kısmına yaptıgı basıncla alakalı almanızı tavsıye ederım lakın oncelıkle evinizdekı kapıların dısarı cıkık bi kasası olup olmadıgına bir bakın benim evimde sadece bir kapıya uyuyor...,1
ürün umduğumdan ve beklediğimden daha güzel çıktı herkese tavsiye ederimm.,1
"mutfağa aldım, çok güzel ve büyük...beklediğimden çok çok iyi, cam deseni gerçekten çok hoş, bence alınır.",1
araca yakıştı güzel ürün. tavsiye ederim,1
ürün güzel kaliteli ince pille çalışması avantaj.uygun fiyat.doğru gösteriyor.,1
Bu arada üniversite hayatı boyunca çeşitli şarkıcılara eşlik etti .,0
teşekkürler hepsi burada. kargo hızlı yanılmıyorsam ürün 3 günde geçti elime.,1
ürün aldık kızım bayıldı. kullanışlı bir ürün tavsiye ederim.,1
2 yaşındaki kızım bayıldı. kurulumu o kadar zor ki çantasından çıkardığımda elimden fırladı bir baktım kendisi kurulmuş yemin ederim:) bana sadece çatısının cırt cırtlarını bağlamak kaldı. çok güzel bir ürün. tavsiye ederim. sipariş biraz geç geldi ama olsun.,1
gayet kullanışlı ve şık. tavsiye ederim.,1
makine gayet güzel integral alabilmesi ve denklem çözebilmesi onu bir adım öne çıkarıyor. bu özellikleri arıyorsanız en ideal makine bu,1
git gelme buraya sakın gelirsen bacağını kırarım,-1
Böylece nihai bir gücü vardır .,0
İlk oyununa göre çok değişmiştir .,0
çok iyi telefon ,1